participants,conditions,dates,files
232642,1,2022-06-06_10h52.10.753,232642_implicit_time_2022-06-06_10h52.10.753.csv
235138,1,2022-06-09_10h48.20.257,235138_implicit_time_2022-06-09_10h48.20.257.csv
236125,3,2022-06-08_15h23.05.229,236125_implicit_time_2022-06-08_15h23.05.229.csv
236128,4,2022-06-06_11h24.33.322,236128_implicit_time_2022-06-06_11h24.33.322.csv
236155,1,2022-06-07_15h13.44.021,236155_implicit_time_2022-06-07_15h13.44.021.csv
236170,4,2022-06-07_14h36.14.649,236170_implicit_time_2022-06-07_14h36.14.649.csv
236179,4,2022-06-03_15h01.11.580,236179_implicit_time_2022-06-03_15h01.11.580.csv
236215,4,2022-06-08_11h02.50.862,236215_implicit_time_2022-06-08_11h02.50.862.csv
236275,3,2022-06-09_10h09.57.236,236275_implicit_time_2022-06-09_10h09.57.236.csv
236278,3,2022-06-07_10h08.10.404,236278_implicit_time_2022-06-07_10h08.10.404.csv
236305,1,2022-06-08_10h31.15.426,236305_implicit_time_2022-06-08_10h31.15.426.csv
236323,3,2022-06-08_12h45.29.639,236323_implicit_time_2022-06-08_12h45.29.639.csv
236350,1,2022-06-08_13h58.20.883,236350_implicit_time_2022-06-08_13h58.20.883.csv
236530,1,2022-06-06_13h49.39.748,236530_implicit_time_2022-06-06_13h49.39.748.csv
236557,4,2022-06-07_10h56.06.083,236557_implicit_time_2022-06-07_10h56.06.083.csv
236584,4,2022-06-08_14h29.47.699,236584_implicit_time_2022-06-08_14h29.47.699.csv
236617,3,2022-06-07_11h35.03.804,236617_implicit_time_2022-06-07_11h35.03.804.csv
236653,4,2022-06-03_13h09.06.122,236653_implicit_time_2022-06-03_13h09.06.122.csv
